{"MC_bump_epsilons": {"N": array([  10000.,  100000., 1000000.]), 10000.0: {0.01: {"delta": [-0.3265412727779804, -0.32344018896184323, -0.3217939064715125, -0.3248067863179216, -0.328552194399645, -0.328850710894546, -0.3253462266406437, -0.330481480498257, -0.32307899607815216, -0.3264397177417777, -0.3273124928865556, -0.3224870413484737, -0.3257394957759452, -0.32677322333549697, -0.32679087824041275, -0.3224064265005211, -0.32945132891732953, -0.3264448375871254, -0.319571743530922, -0.3240239161898195], "RE": [-0.0008483439750010247, -0.00865647168123858, -0.013702324201335846, -0.004467853534822537, -0.007011814698883936, -0.007926767155059376, -0.0028144700311792882, -0.012925072708883338, -0.009763527142933787, -0.0005370779933960481, -0.003212132055880277, -0.011577867198224897, -0.0016091009228443413, -0.0015592719670419466, -0.0016133842150823819, -0.011824951544980797, -0.009767660186284773, -0.0005527703090841672, -0.02051324914265192, -0.006867348902108602]}, 0.05: {"delta": [-0.32268787064717586, -0.3239912464306727, -0.316412693291408, -0.3241107450254965, -0.33417518075582464, -0.33224541696823096, -0.33467481370925256, -0.3237432293611775, -0.32474289056684924, -0.32582437320531454, -0.3295094402189491, -0.3169841934316153, -0.3292441334737539, -0.33009187959454067, -0.33463792699029327, -0.3223460579813242, -0.3242141958202005, -0.33531057057841096, -0.32739065688687674, -0.3256264206598658], "RE": [-0.010962325801825821, -0.006967481648153265, -0.030195731769897434, -0.006601218695481705, -0.024246256565602572, -0.018331534439835487, -0.02577763056246228, -0.007727653467078444, -0.004663693883283732, -0.0013489517726236466, -0.009945771208813134, -0.028444084990175027, -0.009132606568658884, -0.011730946722975408, -0.025664572843078114, -0.012009980934841433, -0.006284142217885051, -0.027726224087117713, -0.003451704559577376, -0.001955675926089892]}, 0.1: {"delta": [-0.3221733845690089, -0.3216890010472362, -0.3202392546266619, -0.32536602446327834, -0.3161394573296139, -0.3187670359867756, -0.3327989107747964, -0.33124027796792355, -0.32461170524540783, -0.32104836023552963, -0.32790899556078834, -0.3225194997747671, -0.3281118993525922, -0.3252600196224886, -0.3246505198841998, -0.32355912782138674, -0.3290938985248282, -0.3290261383043802, -0.3258808658929624, -0.3297186600229196], "RE": [-0.012539224596122157, -0.014023859115644646, -0.018467328977422218, -0.002753789744642776, -0.031033199442971483, -0.022979676146171073, -0.02002799184317907, -0.015250785426505263, -0.0050657766295212365, -0.015987421914382377, -0.005040411552078588, -0.011478382186950766, -0.005662311265660069, -0.0030786943683527735, -0.004946809839729442, -0.008291924316074947, -0.008672136752514902, -0.008464451813193809, -0.0011758017986615893, -0.010587029486975739]}}, 100000.0: {0.01: {"delta": [-0.32587824897793993, -0.3252193229867473, -0.32565137755602436, -0.32527474616284024, -0.32661505106847954, -0.32774624862383916, -0.3272424822884368, -0.3253509853963443, -0.3234651031887914, -0.32605790448858585, -0.3263785983727452, -0.32508255197472025, -0.3259282955357712, -0.3273097936837388, -0.3243358789520201, -0.32641450488890555, -0.3231265092588309, -0.32652880821997243, -0.325675640887102, -0.324247303969738], "RE": [-0.0011838226379394796, -0.00320342947500737, -0.0018791830895839524, -0.0030335575518088556, -0.0010744742869190078, -0.004541592517820292, -0.0029975497135263187, -0.0027998844545328344, -0.008580109625776615, -0.00063317885932531, -0.00034974725030008786, -0.003622632351649874, -0.0010304300388939273, -0.00320385900467827, -0.005911183663717422, -0.00045980065007797323, -0.009617899339762814, -0.0008101401297886859, -0.0018048160286553996, -0.006182665806175188]}, 0.05: {"delta": [-0.3245092681864925, -0.3241228187854439, -0.3280871188097656, -0.3265474387155187, -0.3248605810794025, -0.3246847432786204, -0.3283865148959286, -0.3259972156479485, -0.32671342088923083, -0.3245777776441727, -0.3254013114723442, -0.32394712519476343, -0.3282580091851628, -0.32444423699333313, -0.32443994311764257, -0.3242164619321919, -0.32713456464776414, -0.3245331540044738, -0.32778844243217975, -0.3268725939724604], "RE": [-0.005379746008965601, -0.006564212645538648, -0.005586358951761648, -0.0008672425611484607, -0.004302972699133122, -0.004841915204697023, -0.0065040073533852915, -0.0008191900337564549, -0.0013759775895749733, -0.005169764659035312, -0.0026456351328629554, -0.00710271314743122, -0.006110137608476309, -0.005579066485138693, -0.005592227205489831, -0.006277196589191474, -0.002666782362024211, -0.005306536024917669, -0.004670916455478811, -0.001863842769374167]}, 0.1: {"delta": [-0.3252967164026721, -0.32389405551811024, -0.32509596389031614, -0.3244558430771338, -0.32632290047461154, -0.3260358223455295, -0.3284447241281896, -0.3246488981179052, -0.3238677291656522, -0.3269480650485601, -0.32279327824350723, -0.3237875262087897, -0.326171574365679, -0.32387259859080864, -0.32591138304422174, -0.32366038372163786, -0.3246797272056323, -0.325073905551827, -0.32444951867343974, -0.32466476782288645], "RE": [-0.002966218810934283, -0.007265371599582694, -0.003581524857336862, -0.005543493861644175, -0.00017903330459972927, -0.0007008605833576868, -0.0066824185331324, -0.004951780550158929, -0.007346061816890796, -0.002095161465751591, -0.010639251731178797, -0.007591883718284303, -0.000284780914769367, -0.007331137038584946, -0.0010822667914604698, -0.007981575185559574, -0.004857289458311804, -0.0036491336204186524, -0.0055628781462401175, -0.004903139936325569]}}, 1000000.0: {0.01: {"delta": [-0.3259510616892669, -0.32597896604720233, -0.32580678577680544, -0.32626598931644324, -0.3258999248378025, -0.3262070869214817, -0.3266083398957065, -0.32592808121449934, -0.3259573200063315, -0.32573924384378117, -0.32594271642274464, -0.32630774103035165, -0.3265817687164052, -0.3257821871589073, -0.3261399828248912, -0.3260527402574098, -0.32678395084388967, -0.32579651077435656, -0.3261564418445495, -0.326376134875872], "RE": [-0.0009606518242412034, -0.0008751250233202491, -0.0014028572056133753, -4.600719334544512e-06, -0.0011173861710784088, -0.0001759350026949843, -0.0010539045558742577, -0.0010310869331608468, -0.0009414700950317012, -0.0016098730944201047, -0.0009862300493390218, -0.00013256963844806473, -0.0009724639447842728, -0.0014782519199721639, -0.0003816089237132378, -0.0006490072174879935, -0.0015921517586789341, -0.001434350067443099, -0.0003311620615805574, -0.00034219663734106996]}, 0.05: {"delta": [-0.3252543256037832, -0.32548825261498493, -0.32551756598603987, -0.3262860581410365, -0.3266445037847099, -0.3253881311632867, -0.3257273619429313, -0.3266180648925676, -0.3257070579772581, -0.3261722903019937, -0.32562526052796414, -0.32703388920758414, -0.32548353406459896, -0.32541781781505463, -0.32602043300240524, -0.3257128053209968, -0.3262401975863227, -0.32590033361051596, -0.32555364936524, -0.32495052611022146], "RE": [-0.003096146524226998, -0.002379160705618222, -0.002289315282321276, -6.61116263289949e-05, -0.0011647468028981498, -0.0026860327536018503, -0.001646291096615402, -0.001083711651684317, -0.0017085227105467025, -0.00028258657140554005, -0.001959231728033969, -0.002358212340458778, -0.0023936230530562297, -0.0025950432256706814, -0.0007480288890660881, -0.0016909071135527858, -7.445088158489097e-05, -0.0011161332835342274, -0.002178719797682394, -0.004027291360666845]}, 0.1: {"delta": [-0.32617330108236864, -0.32511689896033147, -0.3250215672968082, -0.3254281385027902, -0.3252150945683674, -0.3251810927602161, -0.3251508448425433, -0.3252610875269024, -0.32497701296382964, -0.32535150598842044, -0.32556309847326936, -0.3254565318676228, -0.32554304203222806, -0.32528736644521494, -0.3248101897972422, -0.32511869404054927, -0.3255040838308254, -0.3253770958841873, -0.32493225423879224, -0.32524866724392254],