{"MC_bump_2s_epsilons": {"N": [10000, 100000, 1000000], "10000": {"0.01": {"delta": [1.5139240093265727, 9.506807646404614, -14.791355185257604, -18.33509385666554, -11.11800702273893, 13.11815865846766, -7.2192427710454865, -19.892305031763602, 3.524695923822918, -14.352608423373336, -4.639686112423558, 14.472575837837542, -8.175986911215105, -10.591176992213569, 1.927597242363266, 4.936604673068956, -4.074134049037248, 12.243854843940749, 18.42984926729656, 6.384702458251468], "RE": [-6.234142991433266, -33.868222121311916, -50.1386751248858, -62.39056809715701, -37.43867867757805, -46.35387362888224, -23.959343217187833, -67.77436933692113, -13.186055807924962, -48.62178043625998, -15.040950799501775, -51.03654801887961, -27.267128551863387, -35.61725059072348, -7.664350082478533, -18.067497834659683, -13.085647659695683, -43.331112146141095, -64.71816932773353, -23.074057494542895]}, "0.05": {"delta": [0.972336862615748, 1.8603657568123388, -0.9459672669749963, 0.045909690278929105, 0.3381537004444546, -1.7126498075746355, 1.8263906319492307, -0.3867512297576603, -0.912729113052233, 2.3622018044323845, -2.397263254633817, -1.4725169932646942, -0.3892824622864488, 6.242514923143236, -1.8254195572383303, -2.77005386093526, -0.816212573504167, -3.612730261754855, 1.2720058901385478, -5.617739142215896], "RE": [-4.361694605158078, -7.431908290993527, -2.2705260700402787, -1.1587251950110882, -2.1691107415595297, -4.921204718249901, -7.314444890856019, -0.33712869747320623, -2.1556106255851777, -9.166923797265497, -7.288142988394481, -4.090985051152728, -0.3458800171686642, -22.582467503386756, -5.311087559932602, -8.577005128914209, -1.821920581751592, -11.490420036283348, -5.3977509266743695, -18.422408111493812]}, "0.1": {"delta": [-0.7786301984118449, 0.5387042229365591, 1.1385063551083707, -0.045895321023445845, 0.10852118024725854, -0.24736070865441384, -0.8882830029438615, -0.41748130202871714, 1.1940345670696395, 0.5553350233920629, -1.2083593166348994, 2.290866378935368, -0.4222751079295506, 0.30879317055221733, -0.32526254319144243, 0.622782722150923, -0.8140184024019348, 1.4535832755269062, -0.5769466758570552, -0.14708754064854723], "RE": [-1.6919857078880118, -2.862481152005205, -4.936198265290379, -0.8413244843238167, -1.375194112461378, -0.14479107829501484, -2.071092224989592, -0.44337286257851927, -5.128177915308071, -2.919979406283385, -3.1777033783294235, -8.92029330913934, -0.45994665717029676, -2.067601543730915, -0.12454168791374497, -3.1531687193348543, -1.8143345964405706, -6.025524839551287, -0.9946981362764764, -0.49146904648456713]}}, "100000": {"0.01": {"delta": [-7.095236405460703, -3.518246613124365, 3.3943891436615914, -9.606410654187503, 5.776325912372826, 4.174543031684408, -2.4565637825400444, -3.6014182309794585, -0.5826074031842765, -1.2146266475283163, -6.179879214074635, -8.37117415061348, -3.1974455146214886, -2.3578479414826603, 5.4435550009807265, -2.4219498482091595, 4.429629002430602, 1.688831621239295, -9.771373215995549, -1.2075637868800726], "RE": [-23.530611626090717, -11.163758378077462, -12.73554157080613, -32.21258312087384, -20.97069575766184, -15.432795184645336, -7.49316479967201, -11.451310552427381, -1.0142691689595302, -3.1993716429640293, -20.365914852385004, -27.94195629408848, -10.05464140058806, -7.151871032989637, -19.820195122963142, -7.373492820981004, -16.31471292805179, -6.838857260710583, -32.78291401688792, -3.1749529651877793]}, "0.05": {"delta": [-0.11590669591253544, -0.7255444423843116, -1.6926610842763878, 0.2787384841388807, 0.28810734418888373, 0.21572595608912337, -0.10387106831258208, -0.9259079999094766, 0.10703682740977882, -0.28643675677132663, -1.6940225715815416, -0.301028102752845, -0.33840390880488513, 0.6112017788320934, -0.7587778818992597, -0.7137870536768887, -1.1119640805497788, 1.6748911358511265, 0.03281386299072153, -0.49537442839737267], "RE": [-0.5992716831668153, -1.508450447105638, -4.852096998632084, -1.9636924140249494, -1.9960837050450684, -1.745836973439897, -0.6408828839019293, -2.2011744569623, -1.370062206927649, -0.009692075885357917, -4.856804116817868, -0.040755100349540885, -0.16997579576837885, -3.1131295146369897, -1.6233495922719552, -1.4678012115288215, -2.8444327212460987, -6.790660327811608, -1.1134485284179725, -0.7126755217289478]}, "0.1": {"delta": [-0.6876853447770603, -0.20943704543069153, -0.06899779631871716, 0.11689761661220821, -0.3500345728255905, 0.15571843681405184, -0.4904084193582303, -0.5706290074438414, -0.2662519050768797, -0.5138300325384826, -0.4675435253899707, -0.5314442672150843, -0.06147559594157137, 0.09197538831235086, -0.577448366905795, -0.367762736063062, -0.6092736082550498, -0.18703046567212667, -0.25380405203901724, -1.3471237768271394], "RE": [-1.377558850709642, -0.2759058996790934, -0.7614514798621904, -1.404154261995099, -0.2101869016063589, -1.5383708559122244, -0.6955063631400807, -0.9728558379553529, -0.07947787714007547, -0.7764827342922961, -0.6164547569983257, -0.8373810504653821, -0.7874582491198547, -1.3179897611463256, -0.9964326504729945, -0.27147910702007194, -1.1064631823442552, -0.35337295990323975, -0.12251427945296361, -3.657458651580103]}}, "1000000": {"0.01": {"delta": [1.7062595580751072, -1.5640392455778418, -0.5543780679913013, -1.0615613667991575, 1.3355796199859604, 0.3829436803752806, -2.4428123403717805, -1.4289529577331983, -0.21684512422117663, -1.3602744056668392, -1.981956110621308, 0.17968479685084304, 1.789661679825283, 0.604649088298892, 0.029814772440861503, 1.4548812463476501, -1.321802193704702, -1.098728452449027, -1.8627535490267633, -0.43086328538404217], "RE": [-6.899111482773476, -4.407408169191616, -0.916670890549997, -2.670173637367521, -5.617546630071744, -2.3239647224047455, -7.445621452579487, -3.9403695712138385, -0.250293687016946, -3.702924785514311, -5.852286919177251, -1.6212305996271925, -7.187460586387683, -3.090474666032902, -1.1030796666484797, -6.030012359950349, -3.569913447186881, -2.798672716362113, -5.440163689419825, -0.4896388666574875]}, "0.05": {"delta": [-0.5423473994312467, -0.353307548555577, -0.4367287609835735, -0.00511431691283093, -0.41473924368906623, -0.5485606276719857, -0.03275016324568725, 0.004534055870415443, 0.08796839101590237, -0.22192887151922136, -0.22768304968384, -0.35539730924282864, -0.32850038969506556, -0.3902562313299107, -0.2996423801918269, -0.18132236212998976, -0.6654825419831312, -0.7098318819847904, -0.48605999507824293, -0.6302782320299549], "RE": [-0.8750768348788164, -0.2215026762903607, -0.5099177827798139, -0.9823180913570622, -0.4338926473549235, -0.8965580484999051, -0.8867717029621849, -1.015675751630003, -1.3041362277544961, -0.23271746778377922, -0.2128233442173036, -0.2287276797829841, -0.1357360090816973, -0.34924666330328624, -0.035964192756992586, -0.37310778804876954, -1.300796315788412, -1.454126856630837, -0.6804724021693459, -1.1790832105899371]}, "0.1": {"delta": [-0.36796301377269636, -0.5225786254674425, -0.45007118295236737, -0.3937679306944286, -0.35107439917800853, -0.38230616798272443, -0.257183351260899, -0.10647182847577596, -0.3870971730707762, -0.23237704248521673, -0.3689148435941014, -0.46720811032135323, -0.3963668149043542, -0.3310940356020531, -0.32102864696476274, -0.372398513015586, -0.2690541590020423, -0.3791971386796611, -0.28023584285983283, -0.22151780802630583], "RE": [-0.27217153422498125, -0.8067295538697115, -0.5560470098787172, -0.36138778564732527, -0.21378193001022017, -0.32176062827525637, -0.11083090880212355, -0.6318911838583879, -0.3383247395180009, -0.19659463698245827, -0.27546232911168145, -0.6152951146253866, -0.3703729998913213, -0.14470311275578263, -0.10990368883003344, -0.28750654254287267, -0.06978954559090425, -0.311011671368213, -0.031130714740661935, -0.23413865212805485]}}},