{"MC_bump_epsilons": {"N": [10000, 100000, 1000000], "10000": {"0.01": {"delta": [-0.32669484517633407, -0.31874322540632605, -0.32157970411761383, -0.32296896449555135, -0.32638915145284386, -0.3300962273200092, -0.32032383664697406, -0.3287597455797986, -0.3236431555103003, -0.31729823156521064, -0.3199886917614414, -0.33071429481585923, -0.31863544889523254, -0.3308072210845836, -0.32582163690175747, -0.32502487096079946, -0.33237335509097576, -0.3223889865918039, -0.32665983723889624, -0.3301735329689137], "RE": [-0.0013190430669257638, -0.02305265552733556, -0.014358853985002145, -0.01010077372219192, -0.00038209241956686796, -0.011744272492787663, -0.018208085255367448, -0.007647958648405474, -0.0080343796186413, -0.027481558742635182, -0.019235303655122733, -0.013638648123848747, -0.023382990316961613, -0.01392346695049611, -0.0013573385375198867, -0.003799424543247253, -0.01872366452860216, -0.011878404830105087, -0.0012117438091242836, -0.011981214151120087]}, "0.05": {"delta": [-0.3230765732499208, -0.32686909299936673, -0.3321032434227078, -0.32199778470609175, -0.3238885066635433, -0.3303824541968581, -0.3287275713526583, -0.3265893414604015, -0.3293298812665846, -0.3335714504371978, -0.32998938153788515, -0.3250564232063269, -0.32602296950260623, -0.32688721751949146, -0.3257931390206181, -0.3193040274144998, -0.3198546508045119, -0.32432272332647116, -0.3263531100808059, -0.32986482022502983], "RE": [-0.009770953106587562, -0.0018531122938870335, -0.017895772808898723, -0.013077437822608732, -0.0072823788276645636, -0.012621557294363433, -0.007549344706963708, -0.0009956743898945817, -0.009395423381137063, -0.022395824353880347, -0.011416790385580099, -0.003702716974197371, -0.0007402545210541819, -0.0019086639115978839, -0.0014446844858665197, -0.021333798500768542, -0.019646138918384876, -0.005951505629552219, -0.00027162568679557874, -0.01103501021232965]}, "0.1": {"delta": [-0.32626655297330664, -0.33373352385036803, -0.32447893625048074, -0.33570339177000363, -0.32155500569962747, -0.3305733190403526, -0.3260381230530296, -0.32375915634063723, -0.32373745937684717, -0.32990695136578374, -0.33029843662637504, -0.33471462753669634, -0.32649173490185923, -0.32578839230425594, -0.32811289905023244, -0.3248701682059174, -0.3231869407649768, -0.32207950788374795, -0.32602957756230566, -0.3275703288691023], "RE": [-6.328326486653526e-06, -0.022892579039111408, -0.005472713331805581, -0.028930220248886595, -0.014434554586430424, -0.01320655765560233, -0.0006938089194996216, -0.007678837307083753, -0.007745338457440128, -0.011164142073961112, -0.012364043609899025, -0.02589965986346126, -0.0006965104843732848, -0.0014592331619649578, -0.005665375336915696, -0.0042735881756568875, -0.00943267689503027, -0.01282695644754165, -0.0007200008313726319, -0.004002398823550045]}}, "100000": {"0.01": {"delta": [-0.32617206114569086, -0.3270894989283235, -0.32685287493174897, -0.3285147954160905, -0.32626022028381385, -0.32799946941564073, -0.3261881432770508, -0.3276838091534451, -0.3281876724908983, -0.3233338874464309, -0.32548122183495565, -0.32642287146851245, -0.3272976451035525, -0.3259382372783115, -0.3280042742632716, -0.3257391969195389, -0.324677070480206, -0.32515010440148373, -0.3262449229097797, -0.32665612831577207], "RE": [-0.0002832889350125658, -0.00252865602262312, -0.001803403949273754, -0.006897186889546336, -1.3081354065673065e-05, -0.005317713735143259, -0.0002339972347559204, -0.004350215666707561, -0.005894555782092152, -0.008982285612069998, -0.002400710032260138, -0.00048544419973729655, -0.003166623630853564, -0.0009999586180133248, -0.005332440583463248, -0.0016100169171282368, -0.004865432316397423, -0.0034155842995535796, -5.996777469791923e-05, -0.001200375967212032]}, "0.05": {"delta": [-0.32721095305525694, -0.3276021100824522, -0.325791680285743, -0.3254837444466929, -0.32475031368777607, -0.32348324508259196, -0.3258807852163592, -0.3251114966622204, -0.3228468944317875, -0.32527284211566254, -0.3272314378517649, -0.3253494423388936, -0.32752270011076945, -0.32622879530324056, -0.32756587629044986, -0.3236247501889622, -0.3261282832918333, -0.32484993447406296, -0.32449613806251776, -0.3259031233656806], "RE": [-0.0029009126772754717, -0.004099808178515083, -0.001449155505323377, -0.002392978232361563, -0.004640942032580327, -0.008524504757784303, -0.00117604907228798, -0.0035339169427064886, -0.010474918221990101, -0.003039393452577057, -0.0029636985373514024, -0.0028046139225141914, -0.0038564167751017867, -0.00010939885628723635, -0.003988751678940089, -0.008090791891506152, -0.00041746796899309337, -0.004335604523075016, -0.005419989812526835, -0.0011075826895682998]}, "0.1": {"delta": [-0.3260152422087881, -0.3254302963001088, -0.3253016722577584, -0.3280340488524125, -0.32526961910702923, -0.3260385676687694, -0.3261056686018904, -0.3249038448160313, -0.32443985459427616, -0.3249788186497149, -0.32406861913526264, -0.32186315226264917, -0.3261854271267417, -0.3248451547855602, -0.32560388381165595, -0.323044790070357, -0.3267277897640941, -0.3254271512030993, -0.3250821091652867, -0.3276728657925432], "RE": [-0.0007639386610574011, -0.002556796694089817, -0.002951029125067271, -0.005423699639265521, -0.0030492719675525946, -0.0006924461731518806, -0.0004867819481612371, -0.00417036943342429, -0.00559249852942976, -0.00394057478405172, -0.006730334464279875, -0.0134900859908433, -0.00024232222998771903, -0.004350254258717963, -0.0020247513205028473, -0.00986836848799412, -0.0014200181621168565, -0.0025664364100951276, -0.0036239895616726986, -0.004316674287564229]}}, "1000000": {"0.01": {"delta": [-0.3265416305555213, -0.32630146217194067, -0.32610678711577634, -0.3270252276551311, -0.3258365109067185, -0.3262667991329238, -0.3262239764063146, -0.3255807786419318, -0.3264654069591977, -0.3253461527556567, -0.3261534160531099, -0.32612940429670445, -0.32573895400549446, -0.3254764357357054, -0.32591288099261817, -0.32598137390893456, -0.3262130290925036, -0.3264117966242708, -0.3262822339853422, -0.3265777451417762], "RE": [-0.0008494405624440203, -0.00011332495005317636, -0.0004833537053515351, -0.002331664699619574, -0.0013117497422448585, -7.082805217830522e-06, -0.00012416876566831612, -0.0020955686192134964, -0.0006158153930945797, -0.0028146964885158205, -0.00034043610625429866, -0.0004140320913187785, -0.0016107614481856208, -0.0024153794168312367, -0.001077675582639678, -0.0008677449319562552, -0.0001577222604701192, -0.0004514998244221455, -5.439059682110487e-05, -0.0009601316966428159]}, "0.05": {"delta": [-0.3253577807417507, -0.3258589925135702, -0.325730052264106, -0.3255364202069799, -0.3255707903124616, -0.32606670728728915, -0.3259269678873977, -0.3255895088346783, -0.32573245210775426, -0.32521695748176427, -0.3253455376456138, -0.32495652648165674, -0.32631278819946985, -0.3259778484204112, -0.3260213985167937, -0.32525020076436206, -0.3255615014144908, -0.32544972452278387, -0.3258630613630764, -0.325910201073345], "RE": [-0.002779056734536374, -0.001242843662483486, -0.0016380452676285238, -0.002231527133079803, -0.0021261828289404028, -0.0006061982990133109, -0.0010344992784869984, -0.0020688105960129937, -0.0016306897516757772, -0.0032106797430202405, -0.002816581799559543, -0.004008900234292092, -0.0001480392016390751, -0.0008785505471860454, -0.0007450695894083955, -0.003108789148752491, -0.002154653282529141, -0.002497249230685518, -0.001230372646934576, -0.001085889529819199]}, "0.1": {"delta": [-0.32576104974565645, -0.32590557998238623, -0.32514339472204945, -0.3252924463291329, -0.3252199469572048, -0.325540942713749, -0.3255858008092982, -0.3257616408364683, -0.324810732230425, -0.32463772862458384, -0.32600025664328847, -0.3246608908838855, -0.3256924725898003, -0.3246396338485802, -0.32572797001462206, -0.32493120638507733, -0.32520108107148893, -0.3247959101073583, -0.325787507949471, -0.3251477329499952],